{
  "t_80": NaN,
  "theta_max": 79.86886086162478,
  "q_max": 1.1663207494526533
}